{"stats":{"minecraft:mined":{"minecraft:yellow_bed":2},"minecraft:custom":{"minecraft:jump":36,"minecraft:time_since_rest":478,"minecraft:crouch_one_cm":312,"minecraft:sprint_one_cm":11986,"minecraft:damage_taken":240,"minecraft:play_time":17422,"minecraft:walk_on_water_one_cm":1709,"minecraft:time_since_death":17422,"minecraft:walk_one_cm":7107,"minecraft:sleep_in_bed":1,"minecraft:sneak_time":44,"minecraft:total_world_time":17422,"minecraft:walk_under_water_one_cm":5707,"minecraft:swim_one_cm":750,"minecraft:talked_to_villager":1,"minecraft:fall_one_cm":745,"minecraft:fly_one_cm":8562},"minecraft:picked_up":{"minecraft:yellow_bed":2},"minecraft:used":{"minecraft:yellow_bed":1}},"DataVersion":3465}